ground_timestamp,tick,accel_x,accel_y,accel_z,gyro_x,gyro_y,gyro_z,pressure_pa,temperature_c,latitude,longitude,gps_altitude,satellites,baro_altitude,baro_velocity,flags,battery_voltage,state,relay,last_command,cats_altitude,cats_velocity,cats_state,cats_pyro1,cats_pyro2,cats_battery_dv,cats_errors
1790512858905,7311,1,-9,0,-2,-2,0,100610,38,0,0,0,0,0,0,0,9,1,0,0,,,,,,,
1790512859926,8311,1,-9,0,-2,-2,0,100610,38,0,0,0,0,0,0,0,9,1,0,0,,,,,,,
1790512860948,9311,1,-9,0,-2,-2,0,100610,38,0,0,0,0,0,0,0,9,1,0,0,,,,,,,
1790512861966,10311,1,-9,0,-2,-2,0,100610,38,0,0,0,0,0,0,0,9,1,0,0,,,,,,,
1790512862989,11311,1,-9,0,-2,-2,0,100610,38,0,0,0,0,0,0,0,9,1,0,0,,,,,,,
1790512864002,12311,1,-9,0,-2,-2,0,100610,38,0,0,0,0,0,0,0,9,1,0,0,,,,,,,
1790512865025,13311,1,-9,0,-2,-2,0,100610,38,0,0,0,0,0,0,0,9,1,0,0,,,,,,,
1790512866046,14311,1,-9,0,-2,-2,0,100610,38,0,0,0,0,0,0,0,9,1,0,0,,,,,,,
1790512867072,15311,1,-9,0,-2,-2,0,100610,38,0,0,0,0,0,0,0,9,1,0,0,,,,,,,
1790512868082,16311,1,-9,0,-2,-2,0,100610,38,0,0,0,0,0,0,0,9,1,0,0,,,,,,,
1790512869107,17311,1,-9,0,-2,-2,0,100610,38,0,0,0,0,0,0,0,9,1,0,0,,,,,,,
1790512870128,18311,1,-9,0,-2,-2,0,100610,38,0,0,0,0,0,0,0,9,1,0,0,,,,,,,
1790512871150,19311,1,-9,0,-2,-2,0,100610,38,0,0,0,0,0,0,0,9,1,0,0,,,,,,,
1790512872170,20311,1,-9,0,-2,-2,0,100610,38,0,0,0,0,0,0,0,9,1,0,0,,,,,,,
1790512873184,21311,1,-9,0,-2,-2,0,100610,38,0,0,0,0,0,0,0,9,1,0,0,,,,,,,
1790512874211,22311,1,-9,0,0,0,0,100610,38,0,0,0,0,0,0,0,9,1,0,0,,,,,,,
1790512875227,23311,1,-9,0,0,0,0,100610,38,0,0,0,0,0,0,0,9,1,0,0,,,,,,,
1790512876243,24311,1,-9,0,0,0,0,100610,38,0,0,0,0,0.02,0.11,0,9,1,0,0,,,,,,,
1790512877265,25311,1,-9,0,0,0,0,100600,38,0,0,0,0,0.08,0.22,0,9,1,0,0,,,,,,,
1790512878290,26311,1,-9,0,0,0,0,100610,38,0,0,0,0,0.06,-0.22,0,9,1,0,0,,,,,,,
1790512879302,27311,1,-9,0,0,0,0,100610,38,0,0,0,0,0.07,0.03,0,9,1,0,0,,,,,,,
1790512880330,28311,1,-9,0,0,0,0,100600,38,0,0,0,0,0.11,0.13,0,9,1,0,0,,,,,,,
1790512881346,29311,1,-9,0,0,0,0,100600,38,0,0,0,0,0.29,-0.48,0,9,1,0,0,,,,,,,
1790512882371,30311,1,-9,0,0,0,0,100600,38,0,0,0,0,0.26,0.05,0,9,1,0,0,,,,,,,
1790512883382,31311,1,-9,0,0,0,0,100600,38,0,0,0,0,0.27,0.06,0,9,1,0,0,,,,,,,
1790512884421,32311,1,-9,0,0,0,0,100600,38,0,0,0,0,0.26,-0.26,0,9,1,0,0,,,,,,,
1790512885435,33311,1,-9,0,0,0,0,100600,38,0,0,0,0,0.16,0,0,9,1,0,0,,,,,,,
1790512886459,34311,1,-9,0,0,0,0,100600,38,0,0,0,0,0.13,-0.1,0,9,1,0,0,,,,,,,
1790512887474,35311,1,-9,0,0,0,0,100600,38,0,0,0,0,0.16,0.02,0,9,1,0,0,,,,,,,
1790512888503,36311,1,-9,0,0,0,0,100600,38,0,0,0,0,0.33,0.24,0,9,1,0,0,,,,,,,
1790512889521,37311,1,-9,0,0,0,0,100600,38,0,0,0,0,0.27,0.08,0,9,1,0,0,,,,,,,
1790512890542,38311,1,-9,0,0,0,0,100600,38,0,0,0,0,0.31,-0.38,0,9,1,0,0,,,,,,,
1790512891552,39311,1,-9,0,0,0,0,100600,38,0,0,0,0,0.27,0.31,0,9,1,0,0,,,,,,,
1790512892577,40311,1,-9,0,0,0,0,100600,38,0,0,0,0,0.38,-0.39,0,9,1,0,0,,,,,,,
1790512893599,41311,1,-9,0,0,0,0,100600,38,0,0,0,0,0.4,-0.25,0,9,1,0,0,,,,,,,
1790512894612,42311,1,-9,0,0,0,0,100600,38,0,0,0,0,0.34,0,0,9,1,0,0,,,,,,,
1790512895634,43311,1,-9,0,0,0,0,100600,38,0,0,0,0,0.33,0.79,0,9,1,0,0,,,,,,,
1790512896653,44311,1,-9,0,0,0,0,100600,38,0,0,0,0,0.36,-0.08,0,9,1,0,0,,,,,,,
1790512897675,46311,1,-9,0,0,0,0,100600,38,0,0,0,0,0.38,0.06,0,9,1,0,0,,,,,,,
1790512898698,47311,1,-9,0,0,0,0,100600,38,0,0,0,0,0.51,0.42,0,9,1,0,0,,,,,,,
1790512899718,48311,1,-9,0,0,0,0,100600,38,0,0,0,0,0.63,0,0,9,1,0,0,,,,,,,
1790512900742,49311,1,-9,0,0,0,0,100600,38,0,0,0,0,0.47,0.19,0,9,1,0,0,,,,,,,
1790512901763,50311,1,-9,0,0,0,0,100600,38,0,0,0,0,0.41,-0.03,0,9,1,0,0,,,,,,,
1790512902776,51311,1,-9,0,0,0,0,100600,38,0,0,0,0,0.25,-0.14,0,9,1,0,0,,,,,,,
1790512903801,52311,1,-9,0,0,0,0,100600,38,0,0,0,0,0.12,-0.28,0,9,1,0,0,,,,,,,
1790512904819,53311,1,-9,0,0,0,0,100600,38,0,0,0,0,0.2,0.28,0,9,1,0,0,,,,,,,
1790512905834,54311,1,-9,0,0,0,0,100600,38,0,0,0,0,0.25,0.13,0,9,1,0,0,,,,,,,
1790512906855,55311,1,-9,0,0,0,0,100600,38,0,0,0,0,0.19,0.04,0,9,1,0,0,,,,,,,
1790512907875,56311,1,-9,0,0,0,0,100600,38,0,0,0,0,0.32,0.06,0,9,1,0,0,,,,,,,
1790512908898,57311,1,-9,0,0,0,0,100610,38,0,0,0,0,0.08,-0.2,0,9,1,0,0,,,,,,,
1790512909919,58311,1,-9,0,0,0,0,100610,38,0,0,0,0,0,0,0,9,1,0,0,,,,,,,
1790512910933,59311,1,-9,0,0,0,0,100600,38,0,0,0,0,0.15,0.05,0,9,1,0,0,,,,,,,
1790512911965,60311,1,-9,0,0,0,0,100610,38,0,0,0,0,0.06,0.31,0,9,1,0,0,,,,,,,
1790512912981,61311,1,-9,0,0,0,0,100610,38,0,0,0,0,0.07,-0.1,0,9,1,0,0,,,,,,,
1790512913996,62311,1,-9,0,0,0,0,100600,38,0,0,0,0,0.2,-0.13,0,9,1,0,0,,,,,,,
1790512915030,63311,1,-9,0,0,0,0,100610,38,0,0,0,0,0.1,-0.2,0,9,1,0,0,,,,,,,
1790512916035,64311,1,-9,0,0,0,0,100600,38,0,0,0,0,0.18,0.31,0,9,1,0,0,,,,,,,
1790512917064,65311,1,-9,0,0,0,0,100600,38,0,0,0,0,0.27,-0.48,0,9,1,0,0,,,,,,,
1790512918080,66311,1,-9,0,0,0,0,100600,38,0,0,0,0,0.28,-0.62,0,9,1,0,0,,,,,,,
1790512919093,67311,1,-9,0,0,0,0,100600,38,0,0,0,0,0.18,0.42,0,9,1,0,0,,,,,,,
1790512920121,68311,1,-9,0,0,0,0,100610,38,0,0,0,0,0.1,-0.24,0,9,1,0,0,,,,,,,
1790512921134,69311,1,-9,0,0,0,0,100610,38,0,0,0,0,0,0.04,0,9,1,0,0,,,,,,,
1790512922163,70311,1,-9,0,0,0,0,100600,38,0,0,0,0,0.12,0.1,0,9,1,0,0,,,,,,,
1790512923178,71311,1,-9,0,0,0,0,100610,38,0,0,0,0,0.06,0.05,0,9,1,0,0,,,,,,,
1790512924197,72311,1,-9,0,0,0,0,100600,38,0,0,0,0,0.1,-0.05,0,9,1,0,0,,,,,,,
1790512925219,73311,1,-9,0,0,0,0,100610,38,0,0,0,0,0.04,0.04,0,9,1,0,0,,,,,,,
1790512926240,74311,1,-9,0,0,0,0,100610,38,0,0,0,0,0.05,0,0,9,1,0,0,,,,,,,
1790512927253,75311,1,-9,0,0,0,0,100610,38,0,0,0,0,0.04,0.03,0,9,1,0,0,,,,,,,
1790512928275,76311,1,-9,0,0,0,0,100610,38,0,0,0,0,0.01,0.2,0,9,1,0,0,,,,,,,
1790512929299,77311,1,-9,0,0,0,0,100610,38,0,0,0,0,0.06,0.01,0,9,1,0,0,,,,,,,
1790512930320,78311,1,-9,0,0,0,0,100600,38,0,0,0,0,0.18,-0.04,0,9,1,0,0,,,,,,,
1790512931333,79311,1,-9,0,0,0,0,100600,38,0,0,0,0,0.17,0.35,0,9,1,0,0,,,,,,,
1790512932357,80311,1,-9,0,0,0,0,100600,38,0,0,0,0,0.35,0.27,0,9,1,0,0,,,,,,,
1790512933376,81311,1,-9,0,0,0,0,100600,38,0,0,0,0,0.4,0.33,0,9,1,0,0,,,,,,,
1790512934394,82311,1,-9,0,0,0,0,100600,38,0,0,0,0,0.27,0.01,0,9,1,0,0,,,,,,,
1790512935423,83311,1,-9,0,0,0,0,100600,38,0,0,0,0,0.34,0.7,0,9,1,0,0,,,,,,,
1790512936450,84311,1,-9,0,0,0,0,100600,38,0,0,0,0,0.9,-0.14,0,9,1,0,0,,,,,,,
1790512937463,85311,1,-9,0,0,0,0,100590,38,0,0,0,0,1.08,-0.17,0,9,1,0,0,,,,,,,
1790512938484,86311,1,-9,0,0,0,0,100600,38,0,0,0,0,0.89,-0.24,0,9,1,0,0,,,,,,,
1790512939504,87311,1,-9,0,0,0,0,100600,38,0,0,0,0,0.93,0.27,0,9,1,0,0,,,,,,,
1790512940529,89311,1,-9,0,0,0,0,100600,38,0,0,0,0,0.69,0.7,0,9,1,0,0,,,,,,,
1790512941546,90311,1,-9,0,0,0,0,100600,38,0,0,0,0,0.58,0.14,0,9,1,0,0,,,,,,,
1790512942563,91311,1,-9,0,0,-1,0,100600,38,0,0,0,0,0.53,-0.14,0,9,1,0,0,,,,,,,
1790512943591,92311,1,-9,0,0,0,0,100600,38,0,0,0,0,0.49,-0.3,0,9,1,0,0,,,,,,,
1790512944604,93311,1,-9,0,0,0,0,100600,38,0,0,0,0,0.37,0.24,0,9,1,0,0,,,,,,,
1790512945629,94311,1,-9,0,0,-1,0,100600,38,0,0,0,0,0.49,0,0,9,1,0,0,,,,,,,
1790512946645,95311,1,-9,0,0,0,0,100600,38,0,0,0,0,0.65,0.43,0,9,1,0,0,,,,,,,
1790512947664,96311,1,-9,0,0,0,0,100600,38,0,0,0,0,0.63,-0.13,0,9,1,0,0,,,,,,,
1790512948692,97311,1,-9,0,0,0,0,100600,38,0,0,0,0,0.59,0.02,0,9,1,0,0,,,,,,,
1790512949713,98311,1,-9,0,0,0,0,100600,38,0,0,0,0,0.72,-0.15,0,9,1,0,0,,,,,,,
1790512950733,99311,1,-9,0,0,0,0,100600,38,0,0,0,0,0.76,-0.22,0,9,1,0,0,,,,,,,
1790512951746,100311,1,-9,0,0,0,0,100600,38,0,0,0,0,0.69,-0.21,0,9,1,0,0,,,,,,,
1790512952764,101311,1,-9,0,0,0,0,100600,38,0,0,0,0,0.68,-0.16,0,9,1,0,0,,,,,,,
1790512953790,102311,1,-9,0,0,0,0,100600,38,0,0,0,0,0.69,0.46,0,9,1,0,0,,,,,,,
1790512954805,103311,1,-9,0,0,0,0,100600,38,0,0,0,0,0.37,-0.23,0,9,1,0,0,,,,,,,
1790512955828,104311,1,-9,0,0,0,0,100600,38,0,0,0,0,0.18,-0.45,0,9,1,0,0,,,,,,,
1790512956850,105311,1,-9,0,0,0,0,100600,38,0,0,0,0,0.34,0.01,0,9,1,0,0,,,,,,,
1790512957864,106311,1,-9,0,0,0,0,100600,38,0,0,0,0,0.2,-0.08,0,9,1,0,0,,,,,,,
1790512958893,107311,1,-9,0,0,0,0,100600,38,0,0,0,0,0.35,0.55,0,9,1,0,0,,,,,,,
1790512959905,108311,1,-9,0,0,0,0,100600,38,0,0,0,0,0.25,-1.03,0,9,1,0,0,,,,,,,
1790512960924,109311,1,-9,0,0,0,0,100600,38,0,0,0,0,0.42,1.16,0,9,1,0,0,,,,,,,
1790512961952,110311,1,-9,0,0,0,0,100600,38,0,0,0,0,0.23,-0.46,0,9,1,0,0,,,,,,,
1790512962966,111311,1,-9,0,0,0,0,100610,38,0,0,0,0,0,-0.77,0,9,1,0,0,,,,,,,
1790512963989,112311,1,-9,0,0,0,0,100610,38,0,0,0,0,-0.02,0.11,0,9,1,0,0,,,,,,,
1790512965004,113311,1,-9,0,0,0,0,100610,38,0,0,0,0,0.07,0.26,0,9,1,0,0,,,,,,,
1790512966034,114311,1,-9,0,0,0,0,100600,38,0,0,0,0,0.21,-0.1,0,9,1,0,0,,,,,,,
1790512967045,115311,1,-9,0,0,0,0,100610,38,0,0,0,0,0,-1.12,0,9,1,0,0,,,,,,,
1790512968070,116311,1,-9,0,0,0,0,100610,38,0,0,0,0,0,-0.29,0,9,1,0,0,,,,,,,
1790512969086,117311,1,-9,0,0,0,0,100610,38,0,0,0,0,-0.25,0.42,0,9,1,0,0,,,,,,,
1790512971133,119311,1,-9,0,0,0,0,100610,38,0,0,0,0,-0.24,0.11,0,9,1,0,0,,,,,,,
1790512972148,120311,1,-9,0,0,0,0,100600,38,0,0,0,0,0.25,0.54,0,9,1,0,0,,,,,,,
1790512973166,121311,1,-9,0,0,0,0,100600,38,0,0,0,0,0.28,-0.72,0,9,1,0,0,,,,,,,
1790512974188,122311,1,-9,0,0,0,0,100610,38,0,0,0,0,-0.02,-0.33,0,9,1,0,0,,,,,,,
1790512975213,123311,1,-9,0,0,0,0,100610,38,0,0,0,0,-0.16,-0.3,0,9,1,0,0,,,,,,,
1790512976224,124311,1,-9,0,0,0,0,100610,38,0,0,0,0,-0.32,-0.4,0,9,1,0,0,,,,,,,
1790512977248,125311,1,-9,0,0,0,0,100610,38,0,0,0,0,-0.2,0.27,0,9,1,0,0,,,,,,,
1790512978270,126311,1,-9,0,0,0,0,100610,38,0,0,0,0,-0.09,-0.2,0,9,1,0,0,,,,,,,
1790512979288,127311,1,-9,0,0,0,0,100610,38,0,0,0,0,-0.16,0.62,0,9,1,0,0,,,,,,,
1790512980321,128311,1,-9,0,0,0,0,100600,38,0,0,0,0,0.16,-0.05,0,9,1,0,0,,,,,,,
1790512981329,129311,1,-9,0,0,0,0,100610,38,0,0,0,0,0.02,-0.23,0,9,1,0,0,,,,,,,
1790512982343,130311,1,-9,0,0,0,0,100610,38,0,0,0,0,-0.27,-0.1,0,9,1,0,0,,,,,,,
1790512983372,131311,1,-9,0,0,0,0,100610,38,0,0,0,0,0.01,0.02,0,9,1,0,0,,,,,,,
1790512984393,133311,1,-9,0,0,0,0,100610,38,0,0,0,0,-0.23,-0.32,0,9,1,0,0,,,,,,,
1790512985412,134311,1,-9,0,0,0,0,100610,38,0,0,0,0,-0.09,-0.49,0,9,1,0,0,,,,,,,
1790512986428,135311,1,-9,0,0,0,0,100610,38,0,0,0,0,-0.04,0.76,0,9,1,0,0,,,,,,,
1790512987450,136311,1,-9,0,0,0,0,100600,38,0,0,0,0,0.17,0.09,0,9,1,0,0,,,,,,,
1790512988474,137311,1,-9,0,0,0,0,100600,38,0,0,0,0,0.15,0.48,0,9,1,0,0,,,,,,,
1790512989485,138311,1,-9,0,0,0,0,100610,38,0,0,0,0,0.06,0.19,0,9,1,0,0,,,,,,,
1790512990506,139311,1,-9,0,0,0,0,100610,38,0,0,0,0,0.01,0.37,0,9,1,0,0,,,,,,,
1790512991530,140311,1,-9,0,0,0,0,100610,39,0,0,0,0,0.07,-0.42,0,9,1,0,0,,,,,,,
1790512992550,141311,1,-9,0,0,0,0,100600,39,0,0,0,0,0.28,-0.02,0,9,1,0,0,,,,,,,
1790512993575,142311,1,-9,0,0,0,0,100610,39,0,0,0,0,0.04,-0.23,0,9,1,0,0,,,,,,,
1790512994602,143311,1,-9,0,0,0,0,100610,39,0,0,0,0,0.02,-0.13,0,9,1,0,0,,,,,,,
1790512995625,144311,1,-9,0,0,0,0,100610,39,0,0,0,0,0.03,0.24,0,9,1,0,0,,,,,,,
1790512996635,145311,1,-9,0,0,0,0,100610,39,0,0,0,0,-0.01,0.02,0,9,1,0,0,,,,,,,
1790512997656,146311,1,-9,0,0,0,0,100610,39,0,0,0,0,0.06,0.04,0,9,1,0,0,,,,,,,
1790512998680,147311,1,-9,0,0,0,0,100600,39,0,0,0,0,0.1,0.29,0,9,1,0,0,,,,,,,
1790512999702,148311,1,-9,0,0,0,0,100600,39,0,0,0,0,0.16,0.97,0,9,1,0,0,,,,,,,
1790513000718,149311,1,-9,0,0,0,0,100600,39,0,0,0,0,0.26,-0.38,0,9,1,0,0,,,,,,,
1790513001736,150311,1,-9,0,0,0,0,100600,39,0,0,0,0,0.24,-0.16,0,9,1,0,0,,,,,,,
1790513002759,151311,1,-9,0,0,0,0,100600,39,0,0,0,0,0.09,-0.03,0,9,1,0,0,,,,,,,
1790513003774,152311,1,-9,0,0,0,0,100600,39,0,0,0,0,0.25,-0.09,0,9,1,0,0,,,,,,,
1790513004806,153311,1,-9,0,0,0,0,100610,39,0,0,0,0,0.07,-0.2,0,9,1,0,0,,,,,,,
1790513005821,154311,1,-9,0,0,0,0,100600,39,0,0,0,0,0.06,0.41,0,9,1,0,0,,,,,,,
1790513006835,155311,1,-9,0,0,0,0,100610,39,0,0,0,0,0.09,-0.29,0,9,1,0,0,,,,,,,
1790513007858,156311,1,-9,0,0,0,0,100610,39,0,0,0,0,0.09,-0.37,0,9,1,0,0,,,,,,,
1790513008883,157311,1,-9,0,0,0,0,100610,39,0,0,0,0,0.02,-0.27,0,9,1,0,0,,,,,,,
1790513009898,158311,1,-9,0,0,0,0,100610,39,0,0,0,0,0.04,0,0,9,1,0,0,,,,,,,
1790513010918,159311,1,-9,0,0,0,0,100610,39,0,0,0,0,-0.02,0.26,0,9,1,0,0,,,,,,,
1790513011943,160311,1,-9,0,0,0,0,100600,39,0,0,0,0,0.21,-0.1,0,9,1,0,0,,,,,,,
1790513012960,161311,1,-9,0,0,0,0,100600,39,0,0,0,0,0.36,-0.2,0,9,1,0,0,,,,,,,
1790513013979,162311,1,-9,0,0,0,0,100600,39,0,0,0,0,0.25,0.65,0,9,1,0,0,,,,,,,
1790513014999,163311,1,-9,0,0,0,0,100600,39,0,0,0,0,0.28,0.24,0,9,1,0,0,,,,,,,
1790513016022,164311,1,-9,0,0,0,0,100600,39,0,0,0,0,0.23,0.19,0,9,1,0,0,,,,,,,
1790513017044,165311,1,-9,0,0,0,0,100600,39,0,0,0,0,0.19,-0.12,0,9,1,0,0,,,,,,,
1790513018056,166311,1,-9,0,0,0,0,100600,39,0,0,0,0,0.35,-0.25,0,9,1,0,0,,,,,,,
1790513019074,167311,1,-9,0,0,0,0,100600,39,0,0,0,0,0.49,-0.33,0,9,1,0,0,,,,,,,
1790513020100,168311,1,-9,0,0,0,0,100600,39,0,0,0,0,0.47,-1.04,0,9,1,0,0,,,,,,,
1790513021114,169311,1,-9,0,0,0,0,100600,39,0,0,0,0,0.38,-0.27,0,9,1,0,0,,,,,,,
1790513022134,170311,1,-9,0,0,0,0,100600,39,0,0,0,0,0.23,0.1,0,9,1,0,0,,,,,,,
1790513023161,171311,1,-9,0,0,0,0,100600,39,0,0,0,0,0.44,0.08,0,9,1,0,0,,,,,,,
1790513024177,172311,1,-9,0,0,0,0,100600,39,0,0,0,0,0.44,0.02,0,9,1,0,0,,,,,,,
1790513025201,173311,1,-9,0,0,0,0,100600,39,0,0,0,0,0.33,-0.4,0,9,1,0,0,,,,,,,
1790513026215,174311,1,-9,0,0,0,0,100600,39,0,0,0,0,0.31,-0.44,0,9,1,0,0,,,,,,,
1790513027236,176311,1,-9,0,0,0,0,100600,39,0,0,0,0,0.41,1.4,0,9,1,0,0,,,,,,,
1790513028255,177311,1,-9,0,0,0,0,100600,39,0,0,0,0,0.47,0.4,0,9,1,0,0,,,,,,,
1790513029278,178311,1,-9,0,0,0,0,100600,39,0,0,0,0,0.74,1.39,0,9,1,0,0,,,,,,,
1790513030308,179311,1,-9,0,0,0,0,100600,39,0,0,0,0,0.75,-0.17,0,9,1,0,0,,,,,,,
1790513031322,180311,1,-9,0,0,0,0,100590,39,0,0,0,0,1.13,0.14,0,9,1,0,0,,,,,,,
1790513032338,181311,1,-9,0,0,0,0,100600,39,0,0,0,0,0.85,-0.71,0,9,1,0,0,,,,,,,
1790513033362,182311,1,-9,0,0,0,0,100600,39,0,0,0,0,0.77,-0.76,0,9,1,0,0,,,,,,,
1790513034383,183311,1,-9,0,0,0,0,100600,39,0,0,0,0,0.73,-0.16,0,9,1,0,0,,,,,,,
1790513035394,184311,1,-9,0,0,0,0,100600,39,0,0,0,0,0.37,0.27,0,9,1,0,0,,,,,,,
1790513036427,185311,1,-9,0,0,0,0,100600,39,0,0,0,0,0.78,1.71,0,9,1,0,0,,,,,,,
1790513037441,186311,1,-9,0,0,0,0,100590,39,0,0,0,0,1.1,-0.67,0,9,1,0,0,,,,,,,
1790513038459,187311,1,-9,0,0,0,0,100600,39,0,0,0,0,0.7,0.55,0,9,1,0,0,,,,,,,
1790513039478,188311,1,-9,0,0,0,0,100600,39,0,0,0,0,0.81,1.2,0,9,1,0,0,,,,,,,
1790513040503,189311,1,-9,0,0,0,0,100600,39,0,0,0,0,0.6,-0.1,0,9,1,0,0,,,,,,,
1790513041523,190311,1,-9,0,0,0,0,100600,39,0,0,0,0,0.74,-1.15,0,9,1,0,0,,,,,,,
1790513042539,191311,1,-9,0,0,0,0,100600,39,0,0,0,0,0.59,0.59,0,9,1,0,0,,,,,,,
1790513043560,192311,1,-9,0,0,0,0,100600,39,0,0,0,0,0.57,-0.26,0,9,1,0,0,,,,,,,
1790513044578,193311,1,-9,0,0,0,0,100600,39,0,0,0,0,0.51,0.19,0,9,1,0,0,,,,,,,
1790513045602,194311,1,-9,0,0,0,0,100600,39,0,0,0,0,0.37,-0.29,0,9,1,0,0,,,,,,,
1790513046618,195311,1,-9,0,0,0,0,100600,39,0,0,0,0,0.16,0.73,0,9,1,0,0,,,,,,,
1790513047640,196311,1,-9,0,0,0,0,100600,39,0,0,0,0,0.57,0.09,0,9,1,0,0,,,,,,,
1790513048674,197311,1,-9,0,0,0,0,100600,39,0,0,0,0,0.34,0.39,0,9,1,0,0,,,,,,,
1790513049693,198311,1,-9,0,0,0,0,100600,39,0,0,0,0,0.21,-0.48,0,9,1,0,0,,,,,,,
1790513050707,199311,1,-9,0,0,0,0,100600,39,0,0,0,0,0.11,0.3,0,9,1,0,0,,,,,,,
1790513051725,200311,1,-9,0,0,0,0,100600,39,0,0,0,0,0.2,-0.15,0,9,1,0,0,,,,,,,
1790513052752,201311,1,-9,0,0,0,0,100600,39,0,0,0,0,0.2,0.06,0,9,1,0,0,,,,,,,
1790513053769,202311,1,-9,0,0,0,0,100610,39,0,0,0,0,0.09,-0.21,0,9,1,0,0,,,,,,,
1790513054793,203311,1,-9,0,0,0,0,100600,39,0,0,0,0,0.18,-0.27,0,9,1,0,0,,,,,,,
1790513055808,204311,1,-9,0,0,0,0,100600,39,0,0,0,0,0.39,0.2,0,9,1,0,0,,,,,,,
1790513056826,205311,1,-9,0,0,0,0,100600,39,0,0,0,0,0.57,0.03,0,9,1,0,0,,,,,,,
1790513057856,206311,1,-9,0,0,0,0,100600,39,0,0,0,0,0.21,-0.27,0,9,1,0,0,,,,,,,
1790513058875,207311,1,-9,0,0,0,0,100600,39,0,0,0,0,0.24,0.15,0,9,1,0,0,,,,,,,
1790513059891,208311,1,-9,0,0,0,0,100600,39,0,0,0,0,0.29,0.78,0,9,1,0,0,,,,,,,
1790513060914,209311,1,-9,0,0,0,0,100600,39,0,0,0,0,0.4,0.13,0,9,1,0,0,,,,,,,
1790513061935,210311,1,-9,0,0,0,0,100600,39,0,0,0,0,0.3,-0.35,0,9,1,0,0,,,,,,,
1790513062945,211311,1,-9,0,0,0,0,100600,39,0,0,0,0,0.34,0,0,9,1,0,0,,,,,,,
1790513063977,212311,1,-9,0,0,0,0,100600,39,0,0,0,0,0.26,0.23,0,9,1,0,0,,,,,,,
1790513064992,213311,1,-9,0,0,0,0,100600,39,0,0,0,0,0.33,0.36,0,9,1,0,0,,,,,,,
1790513066006,214311,1,-9,0,0,0,0,100600,39,0,0,0,0,0.31,0,0,9,1,0,0,,,,,,,
1790513067025,215311,1,-9,0,0,0,0,100600,39,0,0,0,0,0.23,-0.15,0,9,1,0,0,,,,,,,
1790513068047,216311,1,-9,0,0,0,0,100600,39,0,0,0,0,0.23,-0.05,0,9,1,0,0,,,,,,,
1790513069068,217311,1,-9,0,0,0,0,100600,39,0,0,0,0,0.27,0.41,0,9,1,0,0,,,,,,,
1790513070086,218311,1,-9,0,0,0,0,100600,39,0,0,0,0,0.44,0.1,0,9,1,0,0,,,,,,,
1790513071107,220311,1,-9,0,0,0,0,100600,39,0,0,0,0,0.38,-0.45,0,9,1,0,0,,,,,,,
1790513072132,221311,1,-9,0,0,0,0,100600,39,0,0,0,0,0.23,-0.02,0,9,1,0,0,,,,,,,
1790513073149,222311,1,-9,0,0,0,0,100600,39,0,0,0,0,0.1,-0.04,0,9,1,0,0,,,,,,,
1790513074173,223311,1,-9,0,0,0,0,100600,39,0,0,0,0,0.2,0.34,0,9,1,0,0,,,,,,,
1790513075188,224311,1,-9,0,0,0,0,100600,39,0,0,0,0,0.11,-0.11,0,9,1,0,0,,,,,,,
1790513076207,225311,1,-9,0,0,0,0,100600,39,0,0,0,0,0.33,-0.17,0,9,1,0,0,,,,,,,
1790513077231,226311,1,-9,0,0,0,0,100600,39,0,0,0,0,0.49,-0.01,0,9,1,0,0,,,,,,,
1790513078248,227311,1,-9,0,0,0,0,100600,39,0,0,0,0,0.67,-0.12,0,9,1,0,0,,,,,,,
1790513079272,228311,1,-9,0,0,0,0,100600,39,0,0,0,0,0.6,0.22,0,9,1,0,0,,,,,,,
1790513080295,229311,1,-9,0,0,0,0,100600,39,0,0,0,0,0.29,-0.24,0,9,1,0,0,,,,,,,
1790513081306,230311,1,-9,0,0,0,0,100600,39,0,0,0,0,0.29,0.04,0,9,1,0,0,,,,,,,
1790513082334,231311,1,-9,0,0,0,0,100600,39,0,0,0,0,0.39,0.12,0,9,1,0,0,,,,,,,
1790513083352,232311,1,-9,0,0,0,0,100600,39,0,0,0,0,0.39,-0.11,0,9,1,0,0,,,,,,,
1790513084369,233311,1,-9,0,0,0,0,100600,39,0,0,0,0,0.24,-0.17,0,9,1,0,0,,,,,,,
1790513085392,234311,1,-9,0,0,0,0,100600,39,0,0,0,0,0.1,0.08,0,9,1,0,0,,,,,,,
1790513086413,235311,1,-9,0,0,0,0,100610,39,0,0,0,0,0.06,-0.08,0,9,1,0,0,,,,,,,
1790513087433,236311,1,-9,0,0,0,0,100610,39,0,0,0,0,0,0.07,0,9,1,0,0,,,,,,,
1790513088451,237311,1,-9,0,0,0,0,100610,39,0,0,0,0,0,0.22,0,9,1,0,0,,,,,,,
1790513089474,238311,1,-9,0,0,0,0,100600,39,0,0,0,0,0.28,0.31,0,9,1,0,0,,,,,,,
1790513090488,239311,1,-9,0,0,0,0,100610,39,0,0,0,0,-0.04,0.32,0,9,1,0,0,,,,,,,
1790513091506,240311,1,-9,0,0,0,0,100610,39,0,0,0,0,0.04,0.03,0,9,1,0,0,,,,,,,
1790513092531,241311,1,-9,0,0,0,0,100600,39,0,0,0,0,0.2,0.21,0,9,1,0,0,,,,,,,
1790513093545,242311,1,-9,0,0,0,0,100600,39,0,0,0,0,0.26,0.12,0,9,1,0,0,,,,,,,
1790513094568,243311,1,-9,0,0,0,0,100600,39,0,0,0,0,0.11,0.56,0,9,1,0,0,,,,,,,
1790513095585,244311,1,-9,0,0,0,0,100600,39,0,0,0,0,0.36,-0.02,0,9,1,0,0,,,,,,,
1790513096606,245311,1,-9,0,0,0,0,100600,39,0,0,0,0,0.52,0.04,0,9,1,0,0,,,,,,,
1790513097629,246311,1,-9,0,0,0,0,100600,39,0,0,0,0,0.47,0.02,0,9,1,0,0,,,,,,,
1790513098655,247311,1,-9,0,0,0,0,100600,39,0,0,0,0,0.89,0.79,0,9,1,0,0,,,,,,,
1790513099680,248311,1,-9,0,0,0,0,100600,39,0,0,0,0,0.52,-1.12,0,9,1,0,0,,,,,,,
1790513100697,249311,1,-9,0,0,0,0,100600,39,0,0,0,0,0.73,0.39,0,9,1,0,0,,,,,,,
1790513101722,250311,1,-9,0,0,0,0,100600,39,0,0,0,0,0.71,-0.89,0,9,1,0,0,,,,,,,
1790513102745,251311,1,-9,0,0,0,0,100600,39,0,0,0,0,0.61,-0.02,0,9,1,0,0,,,,,,,
1790513103755,252311,1,-9,0,0,0,0,100600,39,0,0,0,0,0.34,-0.1,0,9,1,0,0,,,,,,,
1790513104780,253311,1,-9,0,0,0,0,100600,39,0,0,0,0,0.57,-0.41,0,9,1,0,0,,,,,,,
1790513105805,254311,1,-9,0,0,0,0,100600,39,0,0,0,0,0.22,0.02,0,9,1,0,0,,,,,,,
1790513106815,255311,1,-9,0,0,0,0,100600,39,0,0,0,0,0.49,0.56,0,9,1,0,0,,,,,,,
1790513107838,256311,1,-9,0,0,0,0,100600,39,0,0,0,0,0.84,-0.64,0,9,1,0,0,,,,,,,
1790513108858,257311,1,-9,0,0,0,0,100600,39,0,0,0,0,0.45,-0.23,0,9,1,0,0,,,,,,,
1790513109881,258311,1,-9,0,0,0,0,100600,39,0,0,0,0,0.54,0.18,0,9,1,0,0,,,,,,,
1790513110903,259311,1,-9,0,0,0,0,100600,39,0,0,0,0,0.6,-0.31,0,9,1,0,0,,,,,,,
1790513111924,260311,1,-9,0,0,0,0,100600,39,0,0,0,0,0.47,0.05,0,9,1,0,0,,,,,,,
1790513112937,261311,1,-9,0,0,0,0,100600,39,0,0,0,0,0.43,-0.03,0,9,1,0,0,,,,,,,
1790513113964,263311,1,-9,0,0,0,0,100600,39,0,0,0,0,0.43,-0.03,0,9,1,0,0,,,,,,,
1790513114977,264311,1,-9,0,0,0,0,100600,39,0,0,0,0,0.39,0.24,0,9,1,0,0,,,,,,,
1790513116004,265311,1,-9,0,0,0,0,100600,39,0,0,0,0,0.31,-0.52,0,9,1,0,0,,,,,,,
1790513117015,266311,1,-9,0,0,0,0,100600,39,0,0,0,0,0.32,-0.38,0,9,1,0,0,,,,,,,
1790513118037,267311,1,-9,0,0,0,0,100600,39,0,0,0,0,0.22,0.5,0,9,1,0,0,,,,,,,
1790513119064,268311,1,-9,0,0,0,0,100600,39,0,0,0,0,0.23,0.34,0,9,1,0,0,,,,,,,
1790513120082,269311,1,-9,0,0,0,0,100600,39,0,0,0,0,0.25,0.15,0,9,1,0,0,,,,,,,
1790513121095,270311,1,-9,0,0,0,0,100600,39,0,0,0,0,0.22,-0.32,0,9,1,0,0,,,,,,,
1790513122122,271311,1,-9,0,0,0,0,100600,39,0,0,0,0,0.31,0.45,0,9,1,0,0,1,15,3,1,1,83,0
1790513123143,272311,1,-113,4,-31,52,41,100250,39,0,0,0,0,23.64,112.26,0,9,1,0,0,28,75,3,1,1,83,0
1790513124158,273311,-15,-100,49,-56,359,67,97790,39,0,0,0,0,212.51,407.64,0,9,1,0,0,160,177,3,1,1,83,0
1790513125178,274311,41,-34,65,424,231,381,92860,39,0,0,0,0,778.64,-593.23,0,9,1,0,0,479,301,3,1,1,83,0
1790513126198,275311,25,9,-26,386,1555,-98,95540,39,0,0,0,0,479.14,-88.84,0,9,1,0,0,698,253,4,1,1,83,0
1790513127225,276311,-15,1,7,-231,283,-199,95880,39,0,0,0,0,442.01,-30.33,0,9,1,0,0,688,157,4,0,1,83,0
1790513128243,277311,0,0,3,25,76,1,95980,39,0,0,0,0,429.76,5.55,0,9,1,0,0,435,7,4,0,1,83,0
1790513129257,278311,0,0,0,-19,-92,7,95990,39,0,0,0,0,429.64,-2.41,0,9,1,0,0,388,-11,6,0,1,83,0
1790513130282,279311,-1,3,5,-163,-26,30,96090,39,0,0,0,0,421.06,-11.28,0,9,1,0,0,382,-8,6,0,1,82,0
1790513131302,280311,0,-9,-3,51,-219,-132,96260,39,0,0,0,0,405.69,-23.62,0,9,1,0,0,366,-13,6,0,1,82,0
1790513132322,281311,0,-8,6,-44,-235,85,96410,39,0,0,0,0,390.53,-5.71,0,9,1,0,0,352,-14,6,0,1,83,0
1790513133342,282311,2,-9,5,-23,-376,57,96580,39,0,0,0,0,374.63,-10.68,0,9,1,0,0,335,-14,6,0,1,83,0
1790513134354,283311,2,-9,4,-2,-198,70,96720,39,0,0,0,0,360.83,-8.23,0,9,1,0,0,324,-12,6,0,0,82,0
1790513135378,284311,-2,-10,3,0,-438,74,96860,39,0,0,0,0,347.93,-12.23,0,9,1,0,0,312,-11,6,0,0,83,0
1790513136401,285311,0,-8,3,13,-285,46,96990,39,0,0,0,0,335.61,-11.26,0,9,1,0,0,300,-10,6,0,0,83,0
1790513137416,286311,0,-10,2,15,-349,37,97120,39,0,0,0,0,324.18,-11.32,0,9,1,0,0,290,-10,6,0,0,83,0
1790513138441,287311,0,-9,2,0,-413,22,97240,39,0,0,0,0,312.77,-13.27,0,9,1,0,0,279,-10,6,0,0,83,0
1790513139460,288311,0,-9,1,-5,-252,25,97350,39,0,0,0,0,301.7,-9.77,0,9,1,0,0,269,-10,6,0,1,83,0
1790513140477,289311,0,-10,0,-10,-178,36,97460,39,0,0,0,0,291.5,-9.92,0,9,1,0,0,261,-9,6,0,1,83,0
1790513141499,290311,0,-9,1,0,-241,18,97570,39,0,0,0,0,281.15,-10.21,0,9,1,0,0,251,-9,6,0,1,83,0
1790513142522,291311,0,-9,1,-2,-223,0,97700,39,0,0,0,0,269.59,-13.2,0,9,1,0,0,239,-10,6,0,1,83,0
1790513143539,292311,0,-9,0,-3,-68,11,97810,39,0,0,0,0,258.17,-7.71,0,9,1,0,0,228,-10,6,0,1,83,0
1790513144563,293311,0,-10,0,7,101,16,97940,39,0,0,0,0,246.32,-10.8,0,9,1,0,0,218,-10,6,0,1,83,0
1790513145578,294311,0,-9,0,-20,352,-7,98060,39,0,0,0,0,235.62,-13.86,0,9,1,0,0,208,-10,6,0,1,83,0
1790513146600,295311,0,-10,0,19,-15,-23,98190,39,0,0,0,0,223.91,-17.57,0,9,1,0,0,196,-10,6,0,0,83,0
1790513147617,296311,0,-10,0,-34,406,-10,98310,39,0,0,0,0,212.82,-14.4,0,9,1,0,0,186,-10,6,0,0,83,0
1790513148641,297311,0,-8,0,18,19,-5,98420,39,0,0,0,0,201.42,-8.88,0,9,1,0,0,176,-10,6,0,0,83,0
1790513149658,298311,-1,-11,0,27,-98,-24,98540,39,0,0,0,0,190.45,-11.07,0,9,1,0,0,165,-10,6,0,0,83,0
1790513150681,299311,0,-9,0,-27,-34,-4,98670,39,0,0,0,0,178.83,-14.43,0,9,1,0,0,155,-9,6,0,0,83,0
1790513151696,300311,0,-9,1,-16,169,13,98790,39,0,0,0,0,168.53,-13.3,0,9,1,0,0,143,-10,6,0,0,83,0
1790513152721,301311,0,-11,0,-26,205,-3,98910,39,0,0,0,0,155.88,-8.59,0,9,1,0,0,133,-10,6,0,0,83,0
1790513153745,302311,0,-8,0,2,325,-21,99030,39,0,0,0,0,145.44,-9.63,0,9,1,0,0,123,-9,6,0,0,83,0
1790513154763,303311,0,-9,2,-11,124,-15,99130,39,0,0,0,0,136.25,-7.84,0,9,1,0,0,114,-10,6,0,0,84,0
1790513155778,304311,0,-10,0,7,232,20,99270,39,0,0,0,0,123.13,-14.12,0,9,1,0,0,101,-10,6,0,0,83,0
1790513156796,305311,0,-10,0,-3,23,15,99390,39,0,0,0,0,112.09,-11.25,0,9,1,0,0,93,-9,6,0,0,83,0
1790513157815,306311,1,-10,2,-11,-153,-36,99500,39,0,0,0,0,102.15,-8.74,0,9,1,0,0,83,-8,6,0,0,83,0
1790513158842,308311,0,-9,0,-4,229,-11,99720,39,0,0,0,0,82.62,-16.98,0,9,1,0,0,75,-8,6,0,0,83,0
1790513159860,309311,-1,-9,0,11,4,5,99850,39,0,0,0,0,70.6,-11.52,0,9,1,0,0,64,-10,6,0,0,83,0
1790513160883,310311,1,-10,0,-9,-178,4,99950,39,0,0,0,0,60.56,-5.23,0,9,1,0,0,53,-10,6,0,0,83,0
1790513161906,311311,0,-11,-1,5,38,26,100060,39,0,0,0,0,50.44,-8.73,0,9,1,0,0,45,-9,6,0,0,83,0
1790513162924,312311,0,-10,0,4,-113,0,100190,39,0,0,0,0,38.59,-11.35,0,9,1,0,0,33,-10,6,0,0,83,0
1790513163936,313311,0,-9,0,-14,-75,17,100310,39,0,0,0,0,28,-14.52,0,9,1,0,0,24,-10,6,0,0,83,0
1790513164964,314311,0,-10,0,5,-116,-1,100440,39,0,0,0,0,17.22,-16.44,0,9,1,0,0,13,-9,6,0,0,83,0
1790513165976,315311,0,-9,1,-9,-178,-5,100540,39,0,0,0,0,6.3,-7.6,0,9,1,0,0,3,-9,6,0,0,83,0
1790513168024,317311,10,0,0,0,-7,0,100670,39,0,0,0,0,-5.49,-0.7,0,1.6,1,0,0,-7,-8,6,0,0,83,0
1790513172095,321311,9,0,0,0,0,0,100670,39,0,0,0,0,-5.53,0.07,0,1.4,1,0,0,,,,,,,
