link,ts[deciseconds],state,errors,lat[deg/10000],lon[deg/10000],altitude[m],velocity[m/s],battery[decivolts],pyro1,pyro2
2,2678,3,0,0,0,1,15,83,1,1
1,2678,3,0,0,0,1,15,83,1,1
2,2679,3,0,0,0,3,24,83,1,1
1,2679,3,0,0,0,3,24,83,1,1
2,2680,3,0,0,0,6,33,83,1,1
1,2680,3,0,0,0,6,33,83,1,1
2,2681,3,0,0,0,10,43,83,1,1
1,2681,3,0,0,0,10,43,83,1,1
2,2682,3,0,0,0,15,54,82,1,1
1,2682,3,0,0,0,15,54,82,1,1
2,2683,3,0,0,0,21,64,82,1,1
1,2683,3,0,0,0,21,64,82,1,1
2,2684,3,0,0,0,28,75,83,1,1
1,2684,3,0,0,0,28,75,83,1,1
2,2685,3,0,0,0,36,85,83,1,1
1,2685,3,0,0,0,36,85,83,1,1
2,2686,3,0,0,0,45,96,83,1,1
1,2686,3,0,0,0,45,96,83,1,1
2,2687,3,0,0,0,56,106,83,1,1
1,2687,3,0,0,0,56,106,83,1,1
1,2688,3,0,0,0,67,116,83,1,1
2,2688,3,0,0,0,67,116,83,1,1
2,2689,3,0,0,0,79,126,83,1,1
1,2689,3,0,0,0,79,126,83,1,1
2,2690,3,0,0,0,93,136,82,1,1
1,2690,3,0,0,0,93,136,82,1,1
2,2691,3,0,0,0,108,146,83,1,1
1,2691,3,0,0,0,108,146,83,1,1
2,2692,3,0,0,0,124,156,83,1,1
1,2692,3,0,0,0,124,156,83,1,1
1,2693,3,0,0,0,141,167,83,1,1
2,2693,3,0,0,0,141,167,83,1,1
2,2694,3,0,0,0,160,177,83,1,1
1,2694,3,0,0,0,160,177,83,1,1
2,2695,3,0,0,0,180,188,82,1,1
1,2695,3,0,0,0,180,188,82,1,1
2,2701,3,0,0,0,365,270,82,1,1
2,2704,3,0,0,0,479,301,83,1,1
1,2704,3,0,0,0,479,301,83,1,1
2,2705,3,0,0,0,515,307,82,1,1
2,2709,3,0,0,0,617,301,83,1,1
1,2709,3,0,0,0,617,301,83,1,1
1,2712,4,0,0,0,667,280,82,1,1
2,2713,4,0,0,0,680,271,83,1,1
1,2713,4,0,0,0,680,271,83,1,1
2,2715,4,0,0,0,698,253,83,1,1
1,2715,4,0,0,0,698,253,83,1,1
2,2718,4,0,0,0,708,220,82,0,1
2,2720,4,0,0,0,707,199,83,0,1
1,2720,4,0,0,0,707,199,83,0,1
2,2721,4,0,0,0,704,189,83,0,1
2,2722,4,0,0,0,700,178,83,0,1
2,2723,4,0,0,0,695,168,82,0,1
2,2724,4,0,0,0,688,157,83,0,1
1,2724,4,0,0,0,688,157,83,0,1
2,2726,4,0,0,0,673,138,83,0,1
1,2726,4,0,0,0,673,138,83,0,1
1,2728,4,0,0,0,657,121,82,0,1
1,2729,4,0,0,0,649,112,83,0,1
2,2729,4,0,0,0,649,112,83,0,1
2,2730,4,0,0,0,640,104,82,0,1
1,2730,4,0,0,0,640,104,82,0,1
2,2731,4,0,0,0,631,96,83,0,1
1,2731,4,0,0,0,631,96,83,0,1
2,2732,4,0,0,0,616,86,83,0,1
1,2732,4,0,0,0,616,86,83,0,1
2,2733,4,0,0,0,590,72,83,0,1
2,2735,4,0,0,0,435,7,83,0,1
2,2738,4,0,0,0,399,-11,82,0,1
2,2741,5,0,0,0,393,-13,82,0,1
2,2742,6,0,0,0,392,-13,83,0,1
2,2743,6,0,0,0,391,-12,83,0,1
1,2743,6,0,0,0,391,-12,83,0,1
2,2746,6,0,0,0,388,-11,83,0,1
1,2746,6,0,0,0,388,-11,83,0,1
2,2748,6,0,0,0,387,-10,82,0,1
1,2748,6,0,0,0,387,-10,82,0,1
2,2750,6,0,0,0,385,-9,83,0,1
2,2751,6,0,0,0,385,-9,82,0,1
1,2751,6,0,0,0,385,-9,82,0,1
2,2752,6,0,0,0,384,-9,83,0,1
1,2752,6,0,0,0,384,-9,83,0,1
2,2754,6,0,0,0,382,-9,83,0,1
1,2754,6,0,0,0,382,-9,83,0,1
2,2755,6,0,0,0,382,-8,82,0,1
2,2758,6,0,0,0,381,-6,82,0,1
1,2758,6,0,0,0,381,-6,82,0,1
2,2759,6,0,0,0,380,-7,82,0,1
1,2759,6,0,0,0,380,-7,82,0,1
2,2760,6,0,0,0,378,-9,83,0,1
1,2760,6,0,0,0,378,-9,83,0,1
2,2761,6,0,0,0,376,-10,83,0,1
1,2761,6,0,0,0,376,-10,83,0,1
2,2762,6,0,0,0,374,-11,82,0,1
1,2762,6,0,0,0,374,-11,82,0,1
2,2764,6,0,0,0,370,-12,82,0,1
1,2764,6,0,0,0,370,-12,82,0,1
2,2766,6,0,0,0,366,-13,82,0,1
1,2766,6,0,0,0,366,-13,82,0,1
1,2767,6,0,0,0,365,-13,82,0,1
2,2768,6,0,0,0,363,-14,82,0,1
1,2769,6,0,0,0,361,-14,83,0,1
2,2769,6,0,0,0,361,-14,83,0,1
2,2770,6,0,0,0,359,-15,83,0,1
1,2770,6,0,0,0,359,-15,83,0,1
2,2771,6,0,0,0,357,-15,83,0,1
1,2771,6,0,0,0,357,-15,83,0,1
2,2772,6,0,0,0,355,-15,83,0,1
1,2772,6,0,0,0,355,-15,83,0,1
2,2773,6,0,0,0,354,-15,82,0,1
1,2773,6,0,0,0,354,-15,82,0,1
2,2774,6,0,0,0,353,-15,83,0,1
2,2775,6,0,0,0,352,-14,83,0,1
1,2775,6,0,0,0,352,-14,83,0,1
2,2778,6,0,0,0,346,-15,83,0,1
1,2778,6,0,0,0,346,-15,83,0,1
2,2779,6,0,0,0,345,-15,83,0,1
1,2779,6,0,0,0,345,-15,83,0,1
2,2780,6,0,0,0,343,-15,83,0,1
1,2780,6,0,0,0,343,-15,83,0,1
2,2781,6,0,0,0,342,-15,83,0,1
1,2781,6,0,0,0,342,-15,83,0,1
2,2782,6,0,0,0,340,-15,82,0,1
1,2782,6,0,0,0,340,-15,82,0,1
2,2784,6,0,0,0,338,-14,82,0,1
1,2784,6,0,0,0,338,-14,82,0,1
1,2786,6,0,0,0,335,-14,83,0,1
2,2787,6,0,0,0,333,-14,83,0,1
2,2790,6,0,0,0,329,-14,80,0,0
1,2790,6,0,0,0,329,-14,80,0,0
2,2792,6,0,0,0,327,-13,82,0,0
1,2792,6,0,0,0,327,-13,82,0,0
2,2793,6,0,0,0,326,-13,82,0,0
1,2793,6,0,0,0,326,-13,82,0,0
2,2794,6,0,0,0,325,-13,82,0,0
2,2795,6,0,0,0,324,-12,82,0,0
1,2798,6,0,0,0,321,-12,83,0,0
2,2799,6,0,0,0,320,-12,83,0,0
1,2799,6,0,0,0,320,-12,83,0,0
2,2800,6,0,0,0,319,-12,82,0,0
1,2800,6,0,0,0,319,-12,82,0,0
1,2801,6,0,0,0,318,-11,82,0,0
2,2801,6,0,0,0,318,-11,82,0,0
2,2802,6,0,0,0,317,-11,82,0,0
1,2802,6,0,0,0,317,-11,82,0,0
2,2803,6,0,0,0,316,-11,83,0,0
2,2804,6,0,0,0,314,-11,82,0,0
2,2805,6,0,0,0,313,-11,82,0,0
1,2805,6,0,0,0,313,-11,82,0,0
2,2806,6,0,0,0,312,-11,83,0,0
1,2806,6,0,0,0,312,-11,83,0,0
2,2807,6,0,0,0,311,-11,82,0,0
2,2808,6,0,0,0,310,-11,83,0,0
2,2810,6,0,0,0,307,-11,83,0,0
1,2810,6,0,0,0,307,-11,83,0,0
1,2811,6,0,0,0,306,-11,82,0,0
2,2814,6,0,0,0,303,-11,83,0,0
1,2814,6,0,0,0,303,-11,83,0,0
2,2818,6,0,0,0,300,-10,83,0,0
1,2819,6,0,0,0,299,-10,83,0,0
2,2820,6,0,0,0,298,-10,82,0,0
1,2820,6,0,0,0,298,-10,82,0,0
2,2822,6,0,0,0,296,-10,82,0,0
1,2822,6,0,0,0,296,-10,82,0,0
1,2824,6,0,0,0,294,-10,83,0,0
2,2824,6,0,0,0,294,-10,83,0,0
1,2825,6,0,0,0,292,-10,83,0,0
1,2826,6,0,0,0,291,-10,83,0,0
2,2826,6,0,0,0,291,-10,83,0,0
1,2827,6,0,0,0,290,-10,83,0,0
2,2828,6,0,0,0,290,-10,82,0,0
1,2829,6,0,0,0,288,-10,82,0,0
1,2830,6,0,0,0,287,-10,82,0,0
1,2834,6,0,0,0,283,-10,83,0,0
2,2834,6,0,0,0,283,-10,83,0,0
1,2838,6,0,0,0,279,-10,83,0,0
2,2838,6,0,0,0,279,-10,83,0,0
1,2839,6,0,0,0,278,-10,83,0,1
2,2839,6,0,0,0,278,-10,83,0,1
2,2840,6,0,0,0,277,-10,82,0,1
1,2841,6,0,0,0,276,-10,82,0,1
2,2841,6,0,0,0,276,-10,82,0,1
1,2842,6,0,0,0,275,-10,83,0,1
2,2842,6,0,0,0,275,-10,83,0,1
1,2843,6,0,0,0,274,-10,83,0,1
2,2843,6,0,0,0,274,-10,83,0,1
1,2844,6,0,0,0,273,-10,83,0,1
2,2844,6,0,0,0,273,-10,83,0,1
2,2845,6,0,0,0,272,-10,83,0,1
1,2848,6,0,0,0,269,-10,83,0,1
2,2848,6,0,0,0,269,-10,83,0,1
1,2849,6,0,0,0,268,-10,82,0,1
2,2849,6,0,0,0,268,-10,82,0,1
1,2850,6,0,0,0,267,-10,83,0,1
2,2850,6,0,0,0,267,-10,83,0,1
1,2851,6,0,0,0,266,-9,82,0,1
2,2851,6,0,0,0,266,-9,82,0,1
1,2852,6,0,0,0,265,-9,82,0,1
2,2852,6,0,0,0,265,-9,82,0,1
2,2853,6,0,0,0,264,-9,83,0,1
1,2854,6,0,0,0,263,-9,83,0,1
2,2854,6,0,0,0,263,-9,83,0,1
1,2855,6,0,0,0,262,-9,83,0,1
2,2855,6,0,0,0,262,-9,83,0,1
1,2857,6,0,0,0,261,-9,83,0,1
2,2857,6,0,0,0,261,-9,83,0,1
1,2858,6,0,0,0,260,-9,83,0,1
2,2858,6,0,0,0,260,-9,83,0,1
1,2859,6,0,0,0,259,-9,83,0,1
2,2859,6,0,0,0,259,-9,83,0,1
1,2860,6,0,0,0,258,-9,83,0,1
2,2860,6,0,0,0,258,-9,83,0,1
2,2861,6,0,0,0,257,-9,83,0,1
1,2862,6,0,0,0,256,-9,83,0,1
2,2862,6,0,0,0,256,-9,83,0,1
1,2863,6,0,0,0,255,-9,83,0,1
2,2863,6,0,0,0,255,-9,83,0,1
1,2864,6,0,0,0,254,-9,83,0,1
1,2865,6,0,0,0,253,-9,83,0,1
2,2865,6,0,0,0,253,-9,83,0,1
2,2866,6,0,0,0,252,-9,83,0,1
1,2867,6,0,0,0,251,-9,83,0,1
2,2867,6,0,0,0,251,-9,83,0,1
1,2869,6,0,0,0,249,-9,83,0,1
2,2869,6,0,0,0,249,-9,83,0,1
1,2870,6,0,0,0,248,-9,83,0,1
2,2870,6,0,0,0,248,-9,83,0,1
2,2872,6,0,0,0,246,-9,83,0,1
1,2875,6,0,0,0,243,-10,83,0,1
2,2875,6,0,0,0,243,-10,83,0,1
2,2877,6,0,0,0,240,-10,83,0,1
2,2878,6,0,0,0,239,-10,83,0,1
1,2879,6,0,0,0,238,-10,83,0,1
2,2879,6,0,0,0,238,-10,83,0,1
1,2880,6,0,0,0,237,-10,83,0,1
2,2880,6,0,0,0,237,-10,83,0,1
1,2881,6,0,0,0,236,-10,83,0,1
2,2881,6,0,0,0,236,-10,83,0,1
1,2882,6,0,0,0,235,-10,83,0,1
2,2882,6,0,0,0,235,-10,83,0,1
1,2883,6,0,0,0,234,-10,83,0,1
2,2883,6,0,0,0,234,-10,83,0,1
1,2884,6,0,0,0,233,-10,83,0,1
2,2884,6,0,0,0,233,-10,83,0,1
1,2885,6,0,0,0,232,-10,83,0,1
2,2885,6,0,0,0,232,-10,83,0,1
1,2886,6,0,0,0,231,-10,83,0,1
2,2886,6,0,0,0,231,-10,83,0,1
1,2887,6,0,0,0,229,-10,83,0,1
2,2887,6,0,0,0,229,-10,83,0,1
1,2888,6,0,0,0,228,-10,83,0,1
2,2888,6,0,0,0,228,-10,83,0,1
1,2889,6,0,0,0,227,-10,83,0,1
2,2889,6,0,0,0,227,-10,83,0,1
1,2890,6,0,0,0,226,-10,83,0,1
2,2890,6,0,0,0,226,-10,83,0,1
1,2891,6,0,0,0,225,-10,83,0,1
2,2891,6,0,0,0,225,-10,83,0,1
1,2892,6,0,0,0,224,-10,82,0,1
2,2892,6,0,0,0,224,-10,82,0,1
1,2893,6,0,0,0,223,-10,83,0,1
2,2893,6,0,0,0,223,-10,83,0,1
1,2894,6,0,0,0,222,-10,83,0,1
2,2894,6,0,0,0,222,-10,83,0,1
2,2895,6,0,0,0,221,-10,83,0,1
2,2897,6,0,0,0,219,-10,83,0,1
1,2898,6,0,0,0,218,-10,83,0,1
2,2898,6,0,0,0,218,-10,83,0,1
2,2899,6,0,0,0,217,-10,83,0,1
1,2900,6,0,0,0,216,-10,83,0,1
2,2900,6,0,0,0,216,-10,83,0,1
1,2901,6,0,0,0,215,-10,83,0,1
2,2901,6,0,0,0,215,-10,83,0,1
1,2902,6,0,0,0,214,-10,83,0,1
2,2902,6,0,0,0,214,-10,83,0,1
1,2903,6,0,0,0,213,-10,83,0,1
2,2903,6,0,0,0,213,-10,83,0,1
1,2904,6,0,0,0,212,-10,83,0,1
2,2904,6,0,0,0,212,-10,83,0,1
1,2905,6,0,0,0,211,-10,83,0,1
2,2905,6,0,0,0,211,-10,83,0,1
2,2906,6,0,0,0,210,-10,83,0,1
1,2906,6,0,0,0,210,-10,83,0,1
2,2907,6,0,0,0,209,-10,83,0,1
1,2908,6,0,0,0,208,-10,83,0,1
2,2908,6,0,0,0,208,-10,83,0,1
1,2909,6,0,0,0,207,-10,83,0,1
2,2909,6,0,0,0,207,-10,83,0,1
1,2910,6,0,0,0,206,-10,83,0,1
2,2910,6,0,0,0,206,-10,83,0,1
1,2911,6,0,0,0,205,-10,83,0,1
2,2911,6,0,0,0,205,-10,83,0,1
1,2912,6,0,0,0,204,-10,83,0,1
2,2912,6,0,0,0,204,-10,83,0,1
1,2913,6,0,0,0,203,-10,83,0,1
2,2913,6,0,0,0,203,-10,83,0,1
1,2914,6,0,0,0,201,-10,83,0,1
2,2914,6,0,0,0,201,-10,83,0,1
1,2915,6,0,0,0,200,-10,83,0,1
2,2915,6,0,0,0,200,-10,83,0,1
1,2917,6,0,0,0,198,-10,83,0,1
2,2917,6,0,0,0,198,-10,83,0,1
1,2918,6,0,0,0,197,-10,83,0,1
2,2918,6,0,0,0,197,-10,83,0,1
2,2919,6,0,0,0,196,-10,83,0,0
1,2920,6,0,0,0,195,-10,83,0,0
2,2920,6,0,0,0,195,-10,83,0,0
1,2921,6,0,0,0,194,-10,83,0,0
2,2921,6,0,0,0,194,-10,83,0,0
1,2923,6,0,0,0,192,-10,83,0,0
2,2923,6,0,0,0,192,-10,83,0,0
2,2925,6,0,0,0,190,-10,83,0,0
1,2926,6,0,0,0,189,-10,83,0,0
1,2928,6,0,0,0,187,-10,83,0,0
1,2929,6,0,0,0,186,-10,83,0,0
2,2929,6,0,0,0,186,-10,83,0,0
1,2930,6,0,0,0,185,-10,83,0,0
2,2930,6,0,0,0,185,-10,83,0,0
1,2931,6,0,0,0,184,-10,83,0,0
2,2931,6,0,0,0,184,-10,83,0,0
1,2932,6,0,0,0,183,-10,83,0,0
2,2932,6,0,0,0,183,-10,83,0,0
1,2933,6,0,0,0,182,-10,83,0,0
2,2933,6,0,0,0,182,-10,83,0,0
1,2934,6,0,0,0,181,-10,83,0,0
2,2934,6,0,0,0,181,-10,83,0,0
1,2935,6,0,0,0,180,-10,83,0,0
1,2937,6,0,0,0,178,-10,83,0,0
2,2937,6,0,0,0,178,-10,83,0,0
1,2939,6,0,0,0,176,-10,83,0,0
2,2939,6,0,0,0,176,-10,83,0,0
1,2940,6,0,0,0,175,-10,83,0,0
2,2940,6,0,0,0,175,-10,83,0,0
1,2941,6,0,0,0,174,-10,83,0,0
2,2941,6,0,0,0,174,-10,83,0,0
1,2942,6,0,0,0,173,-10,83,0,0
1,2943,6,0,0,0,172,-10,83,0,0
2,2943,6,0,0,0,172,-10,83,0,0
2,2946,6,0,0,0,168,-10,83,0,0
1,2947,6,0,0,0,167,-10,83,0,0
2,2947,6,0,0,0,167,-10,83,0,0
2,2948,6,0,0,0,166,-10,83,0,0
2,2949,6,0,0,0,165,-10,83,0,0
1,2950,6,0,0,0,164,-10,83,0,0
2,2950,6,0,0,0,164,-10,83,0,0
2,2951,6,0,0,0,163,-10,83,0,0
1,2952,6,0,0,0,162,-10,83,0,0
2,2952,6,0,0,0,162,-10,83,0,0
1,2953,6,0,0,0,161,-10,83,0,0
2,2954,6,0,0,0,160,-10,83,0,0
2,2955,6,0,0,0,159,-10,83,0,0
1,2955,6,0,0,0,159,-10,83,0,0
2,2958,6,0,0,0,156,-10,83,0,0
1,2959,6,0,0,0,155,-9,83,0,0
2,2959,6,0,0,0,155,-9,83,0,0
1,2960,6,0,0,0,155,-9,83,0,0
2,2960,6,0,0,0,155,-9,83,0,0
2,2961,6,0,0,0,153,-9,83,0,0
1,2962,6,0,0,0,153,-9,83,0,0
2,2962,6,0,0,0,153,-9,83,0,0
1,2963,6,0,0,0,151,-9,83,0,0
2,2963,6,0,0,0,151,-9,83,0,0
1,2964,6,0,0,0,150,-9,83,0,0
2,2964,6,0,0,0,150,-9,83,0,0
1,2965,6,0,0,0,149,-10,83,0,0
2,2965,6,0,0,0,149,-10,83,0,0
1,2966,6,0,0,0,148,-10,83,0,0
2,2966,6,0,0,0,148,-10,83,0,0
1,2967,6,0,0,0,147,-10,83,0,0
2,2967,6,0,0,0,147,-10,83,0,0
1,2969,6,0,0,0,145,-10,83,0,0
2,2969,6,0,0,0,145,-10,83,0,0
1,2970,6,0,0,0,143,-10,83,0,0
2,2970,6,0,0,0,143,-10,83,0,0
2,2972,6,0,0,0,141,-11,84,0,0
2,2973,6,0,0,0,140,-11,85,0,0
1,2974,6,0,0,0,139,-11,83,0,0
2,2974,6,0,0,0,139,-11,83,0,0
2,2975,6,0,0,0,138,-11,83,0,0
1,2977,6,0,0,0,136,-10,83,0,0
2,2977,6,0,0,0,136,-10,83,0,0
1,2979,6,0,0,0,134,-10,83,0,0
2,2979,6,0,0,0,134,-10,83,0,0
1,2980,6,0,0,0,133,-10,83,0,0
2,2980,6,0,0,0,133,-10,83,0,0
1,2981,6,0,0,0,132,-10,84,0,0
2,2981,6,0,0,0,132,-10,84,0,0
1,2982,6,0,0,0,131,-10,84,0,0
2,2982,6,0,0,0,131,-10,84,0,0
1,2984,6,0,0,0,129,-9,83,0,0
2,2984,6,0,0,0,129,-9,83,0,0
2,2985,6,0,0,0,128,-9,83,0,0
1,2986,6,0,0,0,127,-9,83,0,0
2,2986,6,0,0,0,127,-9,83,0,0
1,2988,6,0,0,0,126,-9,83,0,0
2,2988,6,0,0,0,126,-9,83,0,0
1,2991,6,0,0,0,123,-9,83,0,0
2,2991,6,0,0,0,123,-9,83,0,0
2,2992,6,0,0,0,123,-8,83,0,0
2,2993,6,0,0,0,122,-8,83,0,0
1,2994,6,0,0,0,121,-8,83,0,0
2,2996,6,0,0,0,119,-9,83,0,0
1,2998,6,0,0,0,116,-9,83,0,0
1,3000,6,0,0,0,114,-10,84,0,0
2,3002,6,0,0,0,111,-10,83,0,0
1,3002,6,0,0,0,111,-10,83,0,0
2,3003,6,0,0,0,110,-10,83,0,0
1,3003,6,0,0,0,110,-10,83,0,0
2,3004,6,0,0,0,109,-10,83,0,0
2,3006,6,0,0,0,107,-10,83,0,0
1,3006,6,0,0,0,107,-10,83,0,0
2,3011,6,0,0,0,101,-10,83,0,0
2,3013,6,0,0,0,99,-10,83,0,0
2,3014,6,0,0,0,98,-10,83,0,0
2,3015,6,0,0,0,97,-10,83,0,0
1,3016,6,0,0,0,97,-10,83,0,0
2,3020,6,0,0,0,93,-9,83,0,0
2,3022,6,0,0,0,91,-9,83,0,0
1,3022,6,0,0,0,91,-9,83,0,0
2,3023,6,0,0,0,90,-9,83,0,0
2,3024,6,0,0,0,90,-9,83,0,0
1,3024,6,0,0,0,90,-9,83,0,0
2,3025,6,0,0,0,89,-9,83,0,0
1,3025,6,0,0,0,89,-9,83,0,0
2,3026,6,0,0,0,88,-9,83,0,0
1,3026,6,0,0,0,88,-9,83,0,0
2,3029,6,0,0,0,85,-9,83,0,0
2,3030,6,0,0,0,84,-9,83,0,0
2,3031,6,0,0,0,83,-8,83,0,0
1,3031,6,0,0,0,83,-8,83,0,0
2,3033,6,0,0,0,82,-8,83,0,0
1,3033,6,0,0,0,82,-8,83,0,0
2,3034,6,0,0,0,81,-8,83,0,0
1,3034,6,0,0,0,81,-8,83,0,0
2,3035,6,0,0,0,81,-8,83,0,0
1,3035,6,0,0,0,81,-8,83,0,0
2,3036,6,0,0,0,80,-8,83,0,0
1,3036,6,0,0,0,80,-8,83,0,0
2,3038,6,0,0,0,78,-8,83,0,0
1,3038,6,0,0,0,78,-8,83,0,0
2,3039,6,0,0,0,77,-8,83,0,0
1,3039,6,0,0,0,77,-8,83,0,0
1,3040,6,0,0,0,76,-8,83,0,0
2,3040,6,0,0,0,76,-8,83,0,0
2,3041,6,0,0,0,75,-8,83,0,0
1,3043,6,0,0,0,73,-9,83,0,0
2,3043,6,0,0,0,73,-9,83,0,0
1,3044,6,0,0,0,72,-9,83,0,0
2,3044,6,0,0,0,72,-9,83,0,0
1,3045,6,0,0,0,71,-9,83,0,0
2,3045,6,0,0,0,71,-9,83,0,0
2,3046,6,0,0,0,70,-9,83,0,0
2,3047,6,0,0,0,69,-9,83,0,0
1,3049,6,0,0,0,66,-10,83,0,0
2,3049,6,0,0,0,66,-10,83,0,0
2,3050,6,0,0,0,65,-10,83,0,0
2,3051,6,0,0,0,64,-10,83,0,0
1,3055,6,0,0,0,60,-10,83,0,0
2,3055,6,0,0,0,60,-10,83,0,0
1,3056,6,0,0,0,58,-10,83,0,0
2,3056,6,0,0,0,58,-10,83,0,0
2,3058,6,0,0,0,56,-10,83,0,0
1,3058,6,0,0,0,56,-10,83,0,0
2,3059,6,0,0,0,55,-10,83,0,0
2,3060,6,0,0,0,54,-10,83,0,0
1,3060,6,0,0,0,54,-10,83,0,0
1,3061,6,0,0,0,53,-10,83,0,0
2,3061,6,0,0,0,53,-10,83,0,0
1,3062,6,0,0,0,52,-10,83,0,0
2,3062,6,0,0,0,52,-10,83,0,0
1,3063,6,0,0,0,52,-10,83,0,0
2,3063,6,0,0,0,52,-10,83,0,0
1,3069,6,0,0,0,46,-9,83,0,0
2,3069,6,0,0,0,46,-9,83,0,0
1,3071,6,0,0,0,45,-9,83,0,0
2,3071,6,0,0,0,45,-9,83,0,0
1,3074,6,0,0,0,42,-9,83,0,0
2,3074,6,0,0,0,42,-9,83,0,0
1,3075,6,0,0,0,41,-9,83,0,0
2,3075,6,0,0,0,41,-9,83,0,0
1,3076,6,0,0,0,40,-9,83,0,0
2,3076,6,0,0,0,40,-9,83,0,0
2,3078,6,0,0,0,38,-9,83,0,0
1,3079,6,0,0,0,37,-9,83,0,0
2,3079,6,0,0,0,37,-9,83,0,0
1,3080,6,0,0,0,36,-9,83,0,0
2,3080,6,0,0,0,36,-9,83,0,0
1,3081,6,0,0,0,34,-10,83,0,0
2,3081,6,0,0,0,34,-10,83,0,0
1,3082,6,0,0,0,33,-10,83,0,0
2,3082,6,0,0,0,33,-10,83,0,0
1,3083,6,0,0,0,32,-9,83,0,0
2,3083,6,0,0,0,32,-9,83,0,0
2,3084,6,0,0,0,31,-9,83,0,0
1,3089,6,0,0,0,26,-10,83,0,0
2,3089,6,0,0,0,26,-10,83,0,0
1,3090,6,0,0,0,25,-10,83,0,0
2,3090,6,0,0,0,25,-10,83,0,0
1,3091,6,0,0,0,24,-10,83,0,0
2,3091,6,0,0,0,24,-10,83,0,0
1,3093,6,0,0,0,22,-10,83,0,0
2,3093,6,0,0,0,22,-10,83,0,0
1,3094,6,0,0,0,21,-10,83,0,0
2,3094,6,0,0,0,21,-10,83,0,0
1,3095,6,0,0,0,20,-10,83,0,0
2,3095,6,0,0,0,20,-10,83,0,0
1,3096,6,0,0,0,19,-10,83,0,0
2,3099,6,0,0,0,16,-10,83,0,0
1,3100,6,0,0,0,15,-9,83,0,0
2,3100,6,0,0,0,15,-9,83,0,0
1,3101,6,0,0,0,14,-9,83,0,0
1,3102,6,0,0,0,13,-9,83,0,0
2,3102,6,0,0,0,13,-9,83,0,0
1,3104,6,0,0,0,11,-10,83,0,0
1,3105,6,0,0,0,10,-10,83,0,0
1,3108,6,0,0,0,7,-9,83,0,0
2,3108,6,0,0,0,7,-9,83,0,0
1,3109,6,0,0,0,6,-9,83,0,0
2,3109,6,0,0,0,6,-9,83,0,0
1,3110,6,0,0,0,5,-10,83,0,0
2,3110,6,0,0,0,5,-10,83,0,0
1,3111,6,0,0,0,4,-10,83,0,0
2,3111,6,0,0,0,4,-10,83,0,0
2,3112,6,0,0,0,3,-9,83,0,0
1,3113,6,0,0,0,2,-9,83,0,0
2,3113,6,0,0,0,2,-9,83,0,0
1,3115,6,0,0,0,1,-9,83,0,0
2,3115,6,0,0,0,1,-9,83,0,0
1,3116,6,0,0,0,0,-9,83,0,0
2,3116,6,0,0,0,0,-9,83,0,0
1,3119,6,0,0,0,-2,-9,83,0,0
2,3119,6,0,0,0,-2,-9,83,0,0
1,3120,6,0,0,0,-3,-9,83,0,0
2,3120,6,0,0,0,-3,-9,83,0,0
1,3121,6,0,0,0,-4,-9,83,0,0
2,3121,6,0,0,0,-4,-9,83,0,0
1,3122,6,0,0,0,-4,-9,83,0,0
2,3122,6,0,0,0,-4,-9,83,0,0
1,3124,6,0,0,0,-6,-8,83,0,0
2,3124,6,0,0,0,-6,-8,83,0,0
1,3126,6,0,0,0,-7,-8,83,0,0
2,3126,6,0,0,0,-7,-8,83,0,0
2,3561,7,0,0,0,-5,0,82,0,0
