ts,voltage
-0.64,8.265
0.36,8.281
1.36,8.273
2.36,8.273
3.36,8.248
4.36,8.265
5.36,8.265
6.36,8.273
7.36,8.256
8.36,8.265
9.36,8.265
10.36,8.256
11.36,8.025
12.36,8.24
13.36,8.265
14.36,8.281
15.36,8.281
16.36,8.281
17.36,8.281
18.36,8.29
19.36,8.298
20.36,8.298
21.36,8.331
22.36,8.306
23.36,8.281
24.36,8.339
25.36,8.29
26.36,8.323
27.36,8.356
28.36,8.331
29.36,8.339
30.36,8.29
31.36,8.306
32.36,8.331
33.36,8.331
34.36,8.314
35.36,8.29
36.36,8.281
37.36,8.29
38.36,8.298
39.36,8.306
40.36,8.306
41.36,8.314
42.36,8.306
43.36,8.306
44.36,8.298
45.36,8.281
46.36,8.265
47.36,8.273
48.36,8.281
49.36,8.29
50.36,8.273
51.36,8.281
52.36,8.29
53.36,8.281
54.36,8.323
55.36,8.256
56.36,8.298